10.87,106.8
10.87,106.8
10.87,106.8
10.87,106.8
10.87,106.8
10.87,106.8
10.87,106.8
10.87,106.8
10.87,106.8
10.87,106.8
10.87,106.8
10.87,106.8
10.87,106.8
10.87,106.8
10.87,106.8
10.87,106.8
10.87,106.8
10.87,106.8
10.87,106.8
10.87,106.8
10.87,106.8
10.87,106.8
10.87,106.8
10.87,106.8
10.87,106.8
10.87,106.8
10.87,106.8
10.86,106.8
10.86,106.8
10.86,106.8
10.86,106.8
10.86,106.8
10.86,106.8
10.86,106.8
10.86,106.8
10.86,106.8
10.86,106.8
10.86,106.8
10.86,106.8
10.86,106.8
10.86,106.8
10.86,106.8
10.86,106.8
10.86,106.8
10.86,106.8
10.86,106.8
10.86,106.8
10.86,106.8
10.86,106.8
10.86,106.8
10.86,106.8
10.86,106.8
10.86,106.8
10.86,106.8
10.86,106.8
10.86,106.8
10.86,106.8
10.86,106.8
10.86,106.8
10.86,106.8
10.86,106.8
10.86,106.8
10.86,106.8
10.86,106.8
10.86,106.8
10.86,106.8
10.86,106.8
10.86,106.8
10.86,106.8
10.86,106.8
10.86,106.8
10.86,106.8
10.86,106.8
10.86,106.8
10.86,106.8
10.86,106.8
10.86,106.8
10.85,106.8
10.85,106.8
10.85,106.8
10.85,106.8
10.85,106.8
10.85,106.8
10.85,106.8
10.85,106.8
10.85,106.8
10.85,106.8
10.85,106.8
10.85,106.8
10.85,106.8
10.85,106.8
10.85,106.8
10.85,106.8
10.85,106.8
10.85,106.8
10.85,106.8
